[
  {"name": "江古田店", "url": "https://trunkroomtokyo.jp/locations/nakano/egota/"},
  {"name": "練馬中村店", "url": "https://trunkroomtokyo.jp/locations/nerima/nerima-nakamura/"},
  {"name": "武蔵野緑町店", "url": "https://trunkroomtokyo.jp/locations/musashino/musashino-midoricho/"},
  {"name": "下連雀店", "url": "https://trunkroomtokyo.jp/locations/mitaka/shimo-renjaku/"},
  {"name": "善福寺店", "url": "https://trunkroomtokyo.jp/locations/suginami/zenpukuji/"},
  {"name": "境南町店", "url": "https://trunkroomtokyo.jp/locations/musashino/kyonan-cho/"},
  {"name": "世田谷駅前店", "url": "https://trunkroomtokyo.jp/locations/setagaya/setagaya-ekimae/"},
  {"name": "吉祥寺通り店", "url": "https://trunkroomtokyo.jp/locations/nerima/kichijoji-dori/"},
  {"name": "東高円寺店", "url": "https://trunkroomtokyo.jp/locations/suginami/higashi-koenji/"},
  {"name": "成田西店", "url": "https://trunkroomtokyo.jp/locations/suginami/narita-nishi/"},
  {"name": "府中新町店", "url": "https://trunkroomtokyo.jp/locations/fuchu/fuchu-shinmachi/"},
  {"name": "中野南台店", "url": "https://trunkroomtokyo.jp/locations/nakano/nakano-minamidai/"},
  {"name": "大田東雪谷店", "url": "https://trunkroomtokyo.jp/locations/ota/higashi-yukigaya/"},
  {"name": "江戸川松江店", "url": "https://trunkroomtokyo.jp/locations/edogawa/edogawa-matsue/"},
  {"name": "千歳船橋店", "url": "https://trunkroomtokyo.jp/locations/setagaya/chitose-funabashi/"},
  {"name": "阿佐ヶ谷店", "url": "https://trunkroomtokyo.jp/locations/suginami/asagaya/"},
  {"name": "上大岡店", "url": "https://trunkroomtokyo.jp/locations/yokohama/kamiooka/"},
  {"name": "市川駅前店", "url": "https://trunkroomtokyo.jp/locations/ichikawa/ichikawa-ekimae/"},
  {"name": "赤坂店", "url": "https://trunkroomtokyo.jp/locations/minato/akasaka/"},
  {"name": "江東東砂店", "url": "https://trunkroomtokyo.jp/locations/koto/higashisuna/"},
  {"name": "横浜山手店", "url": "https://trunkroomtokyo.jp/locations/yokohama/yamate/"},
  {"name": "江戸川平井店", "url": "https://trunkroomtokyo.jp/locations/edogawa/hirai/"},
  {"name": "江戸川小松川店", "url": "https://trunkroomtokyo.jp/locations/edogawa/komatsugawa/"}
]
